ID,Name,Description
1_afewdaysago,a few days ago,
2_afewtimes,a few times,
3_abdominalwall,abdominal wall,
4_aboveontop,"above, on top",
5_accuse,accuse,
6_achiote,achiote,
7_achiotebixaorellana,"achiote, Bixa orellana",
8_adamsapple,Adam's apple,
9_adorndecorate,"adorn, decorate",
10_adorndecorate,"adorn, decorate@",
11_adxe,adxe,
12_after,after,
13_afternoon,afternoon,
14_again,again,
15_agouti,agouti,
16_agoutidasyproctafuliginosa,"agouti, Dasyprocta fuliginosa",
17_air,air,
18_ajipepper,"ají, pepper",
19_ajipeppercapiscumannuum,"ají, pepper, Capiscum annuum",
20_all,all,
21_alltogether,all together,
22_already,already,
23_also,also,
24_alsofs,also (FS),
25_alsoms,also (MS),
26_always,always,
27_amountportion,"amount, portion",
28_and,and,
29_angrymadbeangryintr,"angry, mad, be angry (intr)",
30_animal,animal,
31_ankle,ankle,
32_annoint,annoint,
33_another,another,
34_ant,ant,
35_antsp,ant sp.,
36_antgenericterm,"ant, generic term",
37_ant,ant@,
38_anteater,anteater,
39_anus,anus,
40_anylightobjectthatfloatsandisfilledwithairlikeabuoyorfishlung,"any light object that floats and is filled with air, like a buoy or fish lung",
41_appearintr,appear (intr),
42_aquaticspirit,aquatic spirit,
43_arm,arm,
44_armframe,"arm, frame",
45_armadillo,armadillo,
46_armadillospdasypusnovemcinctus,"armadillo sp., Dasypus novemcinctus.",
47_armingframing,"arming, framing",
48_aroundherenear,"around here, near",
49_arrangeadorn,"arrange, adorn",
50_arrival,arrival,
51_arriveintr,arrive (intr),
52_arrow,arrow,
53_arrowcanestem,arrow cane stem,
54_ashamedembarrased,"ashamed, embarrased",
55_ashes,ashes,
56_ashesfromtreesplicaniaelata,"ashes from tree sp., Licania elata",
57_asktrans,ask (trans),
58_askforditr,ask for (ditr?),
59_askforrequest,"ask for, request",
60_askrequestforsomethingwithoutindicatingifitsagiftortoborrow,"ask, request for something without indicating if it's a gift or to borrow",
61_assaultattack,"assault, attack",
62_atthesametime,at the same time,
63_attachadherestickto,"attach, adhere, stick to",
64_attack,attack,
65_attempttrytodosomething,"attempt, try to do something",
66_augmentativebiglarge,"augmentative, big, large",
67_augmentativebiglarge,"augmentative; big, large",
68_aunt,aunt,
69_awaittrans,await (trans),
70_axe,axe,
71_back,back,
72_backpart,back part,
73_backpartseatbuttocks,"back part, seat, buttocks",
74_backaft,"back, aft",
75_bad,bad,
76_badsmell,bad smell,
77_badsmellstinkn,"bad smell, stink (n.)",
78_badspirit,bad spirit,
79_baitlure,"bait, lure",
80_bamboo,bamboo,
81_bambooplatform,bamboo platform,
82_banana,banana,
83_bananasp,banana sp.,
84_baptize,baptize,
85_barattheport,bar at the port,
86_bark,bark,
87_barkofatree,bark of a tree,
88_baseseatofanobject,"base, seat of an object",
89_basket,basket,
90_basketinrelationtowhocarriesit,basket (in relation to who carries it),
91_bat,bat,
92_batheintr,bathe (intr),
93_battlecryn,battle cry (n.),
94_battlecryv,battle cry (v.),
95_beplural,be (plural),
96_beacolorbetweenpinkandbrownincludingyellowcolors,"be a color between pink and brown, including yellow colors",
97_beabletotrans,be able to (trans),
98_beableskilled,"be able, skilled",
99_beashcoloredgray,"be ash-colored, gray",
100_beashamedorembarrased,be ashamed or embarrased,
101_bebad,be bad,
102_beblind,be blind,
103_bebored,be bored,
104_bebornfromthesky,be born (from the sky),
105_bebornintr,be born (intr),
106_becalledbenamed,"be called, be named",
107_becarried,be carried,
108_beclear,be clear,
109_becloudyhazy,"be cloudy, hazy",
110_beclumsyawkward,"be clumsy, awkward",
111_becooked,be cooked,
112_becovered,be covered,
113_bedarkgetdark,"be dark, get dark",
114_bedirty,be dirty,
115_bedizzy,be dizzy,
116_bedoingsomething,be doing something,
117_bedomestic,be domestic,
118_beemptyclean,"be empty, clean",
119_befar,be far,
120_befast,be fast,
121_befat,be fat,
122_befermented,be fermented,
123_beflat,be flat,
124_befresh,be fresh,
125_befull,be full,
126_befullofsomethingiepregnantwomanballfullofair,"be full of something, i.e. pregnant woman, ball full of air",
127_begood,be good,
128_begravelysick,be gravely sick,
129_behard,be hard,
130_beheavy,be heavy,
131_behighpitchedhighsound,"be high-pitched, high sound",
132_behot,be hot,
133_behungry,be hungry,
134_beinaplace,be in a place,
135_beinline,be in line,
136_beinformedofknow,"be informed of, know",
137_bejealousof,be jealous of,
138_belateaperson,be late (a person),
139_belazy,be lazy,
140_bemadecreated,"be made, created",
141_bemanyexpand,"be many, expand",
142_bemuddy,be muddy,
143_benamedbecalled,"be named, be called",
144_benew,be new,
145_beodorousfragrantintr,be odorous (fragrant) (intr),
146_bepoor,be poor,
147_bepregnantintr,be pregnant (intr),
148_beprettybeautiful,"be pretty, beautiful",
149_bequietcalm,"be quiet, calm",
150_bequietshushsilence,"be quiet, shush, silence",
151_berotten,be rotten,
152_besadintr,be sad (intr),
153_bescaredvbeafraid,"be scared (v.), be afraid",
154_beseenorvisible,be seen or visible,
155_beslippery,be slippery,
156_beslow,be slow,
157_besmall,be small,
158_besmooth,be smooth,
159_bestickygummy,"be sticky, gummy",
160_bestinkysmellbadintr,be stinky (smell bad) (intr),
161_bestrong,be strong,
162_besuspiciousof,be suspicious of,
163_besweet,be sweet,
164_bethick,be thick,
165_bethirstyintr,be thirsty (intr),
166_betired,be tired,
167_betiredofsomethingfedupwithsomething,"be tired of something, fed up with something",
168_beugly,be ugly,
169_beuseless,be useless,
170_beweak,be weak,
171_beweakfeeble,be weak (feeble),
172_bewet,be wet,
173_bewhite,be white,
174_bewide,be wide,
175_bewith,be with,
176_bewornout,be worn out,
177_begenericplural,"be, generic plural",
178_befeelveryhot,be/feel very hot,
179_beach,beach,
180_bead,bead,
181_beak,beak,
182_beardmoustachefacialhair,"beard, moustache, facial hair",
183_beat,beat,
184_beathittrans,"beat, hit (trans)",
185_beathittranssomethinground,"beat, hit (trans) (something round)",
186_beatplaymakingaclickingclackingnoise,"beat, play (making a clicking/clacking noise",
187_beaten,beaten,
188_becomeabsorbedinterested,"become absorbed, interested",
189_becomemuddy,become muddy,
190_becomephysicallytired,become physically tired,
191_becomesick,become sick,
192_becomesouracidicbitter,"become sour, acidic, bitter",
193_bed,bed,
194_bedframeplatform,"bed frame, platform",
195_bedtime,bed time,
196_bedplace,"bed, place",
197_bee,bee,
198_before,before,
199_beginvtranscomp,"begin (v.) (trans, comp)",
200_beginning,beginning,
201_beginningorigin,"beginning, origin",
202_behind,behind,
203_behindsomethingsomeone,"behind something, someone",
204_beingn,being (n.),
205_believe,believe,
206_believetranscomp,"believe (trans, comp)",
207_belly,belly,
208_bellythepartbetweenthehips,belly (the part between the hips),
209_bellybutton,belly button,
210_bendtrans,bend (trans),
211_bendcurve,"bend, curve",
212_benthumped,"bent, humped",
213_benttwisted,"bent, twisted",
214_benttwisted,"bent, twisted@",
215_betray,betray,
216_bigandthick,big and thick,
217_biglarge,"big, large",
218_biglargeandthick,"big, large (and thick)",
219_biglargeandthick,"big, large and thick",
220_biglarge,"big, large@",
221_bird,bird,
222_birdgenericterm,"bird, generic term",
223_bird,bird@,
224_bitetrans,bite (trans),
225_bitter,bitter,
226_bitterbecomebitterfromfermentation,"bitter, become bitter from fermentation",
227_black,black,
228_blackjaguarlitblackdog,"black jaguar, lit. black dog",
229_blackvulturecoragypsatratus,"black vulture, Coragyps atratus",
230_blind,blind,
231_blood,blood,
232_blossombloom,"blossom, bloom",
233_blowtrans,blow (trans),
234_blowtransplaywindinstrument,"blow (trans), play wind instrument",
235_blue,blue,
236_bluecolorsbetweenblueandgray,"blue, colors between blue and gray",
237_body,body,
238_bodyhair,body hair,
239_bodypart,body part,
240_boil,boil,
241_boiltrans,boil (trans),
242_bone,bone,
243_border,border,
244_borrow,borrow,
245_botflylarva,botfly larva,
246_bottombackexternal,"bottom, back (external)",
247_bow,bow,
248_boymalechild,"boy, male child",
249_brain,brain,
250_branch,branch,
251_branchofariver,branch of a river,
252_branch,branch@,
253_brave,brave,
254_breadthcapacity,"breadth, capacity",
255_breaklongskinnythingslikestickstrans,break (long skinny things like sticks) (trans),
256_breaksomethinground,break (something round),
257_breaktrans,break (trans),
258_breaktranswithoutaninstrument,break (trans) (without an instrument),
259_breaktranssomethinghollow,break (trans) something hollow,
260_breakupcamp,break up camp,
261_breaktear,"break, tear",
262_breast,breast,
263_breastfeed,breastfeed,
264_breastfeedtrans,breastfeed (trans),
265_breath,breath,
266_breatheintr,breathe (intr),
267_breatheininhale,"breathe in, inhale",
268_breeding,breeding,
269_bringtrans,bring (trans),
270_bringtakesomethingfromoneplacetoanothertrans,"bring, take something from one place to another (trans)",
271_bristlefur,"bristle, fur",
272_brokendamaged,"broken, damaged",
273_broom,broom,
274_brothjuice,"broth, juice",
275_brother,brother,
276_brotherfemaleego,"brother, female ego",
277_brothermaleego,"brother, male ego",
278_brotherinlawheborhpgsfemaleego,"brother-in law, HeB or HPGS , female ego",
279_brotherinlawhybfemaleego,"brother-in law, HyB, female ego",
280_brotherinlaw,brother-in-law,
281_brotherinlawfemaleego,"brother-in-law, female ego",
282_brotherinlawmaleego,"brother-in-law, male ego",
283_brotherinlawwborwpgsmaleego,"brother-in-law, WB or WPGS male ego",
284_brotherinlawezhpgdhgdhfemaleego,"brother-in-law: eZH, PGDH, GDH, female ego",
285_brotherinlawyzhpgdyorgdyfemaleego,"brother-in-law: yZH, PGD(y), or GD(y), female ego",
286_brown,brown,
287_browncapuchinmonkey,brown capuchin monkey,
288_bubblev,bubble (v.),
289_bullcow,"bull, cow",
290_bulletantparaponeraclavata,"bullet ant, Paraponera clavata",
291_bumblebee,bumble bee,
292_bunchcluster,"bunch, cluster",
293_bundlewraptrans,"bundle, wrap (trans)",
294_burn,burn,
295_burnscald,"burn, scald",
296_burntsingedsmell,"burnt, singed smell",
297_burstbreakopen,"burst, break open",
298_burytrans,bury (trans),
299_butterfly,butterfly,
300_buttocks,buttocks,
301_cadavercorpse,"cadaver, corpse",
302_caiman,caiman,
303_calabashcrescentiacujete,"calabash, Crescentia cujete",
304_calltrans,call (trans),
305_calmdown,calm down,
306_candela,candela,
307_canoe,canoe,
308_capture,capture,
309_capturetrans,capture (trans),
310_capturecacar,"capture, caçar",
311_cargo,cargo,
312_carrytrans,carry (trans),
313_carrytransinarms,carry (trans) in arms,
314_carryashortdistancetrans,carry a short distance (trans),
315_catchwithalassoetc,"catch (with a lasso, etc.)",
316_catchbysurprise,catch by surprise,
317_catchfire,catch fire,
318_catchwithhookpullupwithfishinghook,"catch with hook, pull up with fishing hook",
319_caterpillarsp,caterpillar sp.,
320_catfish,catfish,
321_causeoffear,cause of fear,
322_celebrationparty,"celebration, party",
323_centipede,centipede,
324_cerebellumbackofthehead,"cerebellum, back of the head",
325_certain,certain,
326_certainly,certainly,
327_chacra,chacra,
328_chacrafarm,"chacra, farm",
329_chacrafarmgarden,"chacra, farm, garden",
330_chacragarden,"chacra, garden",
331_chameleon,chameleon,
332_changedirectionsinthewater,change directions in the water,
333_changetransform,"change, transform",
334_charcoal,charcoal,
335_cheek,cheek,
336_chest,chest,
337_chestinflatedpart,"chest, inflated part",
338_chew,chew,
339_chewtrans,chew (trans),
340_chiefleader,chief (leader),
341_chiefleaderking,"chief (leader), king",
342_chigger,chigger,
343_chiggertrombiculaalfreddugesi,"chigger, Trombicula alfreddugesi",
344_child,child,
345_chin,chin,
346_chopfirewood,chop firewood,
347_cicada,cicada,
348_cigar,cigar,
349_claw,claw,
350_claw,claw@,
351_clay,clay,
352_clean,clean,
353_cleandirtthatishardtoremovevtrans,clean (dirt that is hard to remove) (v) (trans),
354_cleanjustdirtfromthesurfacevtrans,clean (just dirt from the surface) (v) (trans),
355_cleanvtrans,clean (v) (trans),
356_cleantherustoffvtrans,clean the rust off (v) (trans),
357_clearlandforfarming,clear land (for farming),
358_climbtrans,climb (trans),
359_closevtrans,close (v.) (trans),
360_closevtransforexampleadoor,"close (v.) (trans), for example, a door",
361_closevtransforexampleapotorbottle,"close (v.) (trans), for example, a pot or bottle",
362_closedoorvtrans,close door (v.) (trans),
363_cloth,cloth,
364_clothes,clothes,
365_cloud,cloud,
366_coati,coati,
367_cockroach,cockroach,
368_cold,cold,
369_collaredpeccarypecaritajacu,collared peccary (Pecari tajacu),
370_collaredpeccarypecaritajacu,"collared peccary, Pecari tajacu",
371_colorofclayearth,color of clay/earth,
372_coloredclayearth,colored clay/earth,
373_comeintr,come (intr),
374_companion,companion,
375_conductorofsongdance,"conductor (of song, dance)",
376_confess,confess,
377_conservedwellkept,"conserved, well kept",
378_constellation,constellation,
379_continuous,continuous,
380_conversetrans,converse (trans),
381_conversediscuss,"converse, discuss",
382_cook,cook,
383_cookintrtrans,"cook (intr, trans)",
384_cookintrtrans,"cook (intr, trans)@",
385_cooked,cooked,
386_copaltree,copal tree,
387_copulatehavesexwith,"copulate, have sex with",
388_copulatehavesexwithmate,"copulate, have sex with, mate",
389_corn,corn,
390_corndrinkcornchicha,"corn drink, corn chicha",
391_corndrink,corn drink@,
392_corralpenv,"corral, pen (v.)",
393_cotton,cotton,
394_coughintr,cough (intr.),
395_coughn,cough (n.),
396_coughintr,cough(intr),
397_cousinfemale,cousin (female),
398_cousinmale,cousin (male),
399_cousinmalembsmaleorfemaleego,"cousin (male) MBS, male or female ego",
400_cousinmalefemaleego,"cousin (male), female ego",
401_covertrans,cover (trans),
402_crackn,crack (n.),
403_crackcracked,"crack, cracked",
404_cricket,cricket,
405_cricketsp,cricket sp.,
406_crockearthenware,crock (earthenware),
407_crockearthenwareformakingchichaormasato,crock (earthenware) for making chicha or masato,
408_crockearthenwareformakingmaniocbeer,crock (earthenware) for making manioc beer,
409_crossgoacross,"cross, go across",
410_crosseyed,cross-eyed,
411_cryintr,cry (intr),
412_crycallforexampleroostercrynandv,"cry, call (for example, rooster cry) (n. and v.)",
413_cultivatetrans,cultivate (trans),
414_cup,cup,
415_cupfordrinkingmaniocbeerorwine,cup (for drinking manioc beer or wine),
416_curebysucking,cure by sucking,
417_curemedicine,"cure, medicine",
418_current,current,
419_curse,curse,
420_cut,cut,
421_cutadj,cut (adj),
422_cutwithintrument,cut (with intrument),
423_cutwithoutaninstrument,cut (without an instrument),
424_cuthairfur,"cut hair, fur",
425_cutinhalfwithouttheuseofforceforexamplethehandaclothhairbread,"cut in half, without the use of force. for example: the hand, a cloth, hair, bread",
426_cutwithscissors,cut with scissors,
427_cutchop,"cut, chop",
428_cutchopintolargepiecesforexamplechopfirewood,"cut, chop into large pieces. For example, chop firewood",
429_cutcutdownfelltreetrans,"cut, cut down, fell tree (trans)",
430_cutbankcliffbluff,"cutbank, cliff, bluff",
431_cyst,cyst,
432_dammadeofwood,dam made of wood,
433_danceintr,dance (intr),
434_danceintr,dance (intr.),
435_dancen,dance (n.),
436_dancev,dance (v.),
437_dark,dark,
438_dark,dark@,
439_daughter,daughter,
440_daughterfemaleego,"daughter, female ego",
441_daughtermaleego,"daughter, male ego",
442_daughterinlaw,daughter-in-law,
443_daughterinlawsworgswfemaleego,"daughter-in-law, SW or GSW, female ego",
444_daughterinlawsworbswmaleego,"daughter-in-law; SW or  BSW, male ego",
445_dawn,dawn,
446_dawnearlyinthemorning,"dawn, early in the morning",
447_day,day,
448_deaf,deaf,
449_deathn,death (n),
450_decreaseinvolume,decrease in volume,
451_deep,deep,
452_deer,deer,
453_deergeneric,"deer, generic",
454_defecateintr,defecate (intr),
455_defoliatepickleaves,"defoliate, pick leaves",
456_demon,demon,
457_demondevil,"demon, devil",
458_denforanimals,"den, for animals",
459_desire,desire,
460_destroy,destroy,
461_destroyruin,"destroy, ruin",
462_dexterousskilled,"dexterous, skilled",
463_dieintr,die (intr),
464_different,different,
465_digintrans,dig (intrans),
466_digtrans,dig (trans),
467_diggingstick,digging stick,
468_diggingstickhoe,"digging stick, hoe",
469_diminutivesuffixsmall,diminutive suffix; small,
470_dirt,dirt,
471_dirtinessfilth,"dirtiness, filth",
472_dirty,dirty,
473_dirty,dirty@,
474_disappearintr,disappear (intr),
475_disarmlassoetc,"disarm (lasso, etc.)",
476_disarrange,disarrange,
477_discussconverse,"discuss, converse",
478_disembark,disembark,
479_disgustinggross,"disgusting, gross",
480_distantrelative,distant relative,
481_distantrelativefemalemaleego,"distant relative (female), male ego",
482_ditchofwater,ditch of water,
483_dive,dive,
484_diveintowater,dive into water,
485_divideseparate,"divide, separate",
486_dotrans,do (trans),
487_dohabituallygetusedto,"do habitually, get used to",
488_dowith,do with,
489_dockvtransintr,"dock (V trans, intr)",
490_dockinaport,dock in a port,
491_docktoportarrivebywater,"dock to port, arrive by water",
492_dog,dog,
493_domesticmouseratsp,"domestic mouse, rat sp.",
494_domesticatedanimalpet,"domesticated animal, pet",
495_door,door,
496_drag,drag,
497_dragaheavyobject,drag a heavy object,
498_dragpull,"drag, pull",
499_draindripliquids,"drain, drip (liquids)",
500_drinkintrtrans,"drink (intr, trans)",
501_drinkalcohol,drink alcohol,
502_dripintr,drip (intr),
503_dripintr,drip (intr.),
504_dripn,drip (n.),
505_drownintr,drown (intr),
506_drunk,drunk,
507_dry,dry,
508_dryfoodtrans,dry (food) (trans),
509_dryintr,dry (intr),
510_dryintrtrans,"dry (intr, trans)",
511_dryriverlakeintrtrans,"dry (river, lake) (intr, trans)",
512_drytrans,dry (trans),
513_drycookdrysteamsomethingbetweensteamingandroastingwherethewomenuseadryingpotclayvaseforexampletocooktamalestheyarewrappedandputintothepotwithalittlebitofwaterthenthepotisputontopofthecoalsandthetamalescookslowlyintheirownsteam,"dry cook/dry steam something between steaming and roasting, where the women use a 'drying pot' (clay vase). For example, to cook tamales, they are wrapped and put into the pot with a little bit of water. Then the pot is put on top of the coals and the tamales cook slowly in their own steam.",
514_dryseasonsummer,"dry season, summer",
515_dryhardened,"dry, hardened",
516_drystrikeknockeverythingdown,"dry, strike, knock everything down",
517_dryingpotclaypotintheshapeofavaseusedfordrysteamingfood,"drying pot, clay pot in the shape of a vase used for dry steaming food",
518_dust,dust,
519_dyewithachiote,dye with achiote,
520_dyesmadefromcoloredclayearthusedtodecoratepottery,dyes made from colored clay/earth. used to decorate pottery,
521_ear,ear,
522_earinside,ear (inside),
523_earoutsidepart,ear (outside part),
524_earthworm,earthworm,
525_eatintr,eat (intr),
526_eatintrtrans,"eat (intr, trans)",
527_edgeofanobject,edge of an object,
528_edgefringe,"edge, fringe",
529_egg,egg,
530_elbow,elbow,
531_elbowlittheseatofthearm,"elbow, lit. the seat of the arm",
532_embers,embers,
533_embracehugtrans,"embrace, hug (trans)",
534_emerge,emerge,
535_emitnoisesound,"emit noise, sound",
536_emitsmokeorsteam,emit smoke or steam,
537_emptyshell,empty shell,
538_enclosureyardfencedinarea,"enclosure, yard, fenced-in area",
539_endconclusion,"end, conclusion",
540_endure,endure,
541_enemy,enemy,
542_enjoy,enjoy,
543_enterintr,enter (intr),
544_entrance,entrance,
545_escapeintr,escape (intr),
546_esophagus,esophagus,
547_evennow,even now,
548_everydayalways,"every day, always",
549_evil,evil,
550_evilsnakespirit,evil snake spirit,
551_evilspiritdemon,"evil spirit, demon",
552_excrement,excrement,
553_excrementfeces,"excrement, feces",
554_exist,exist,
555_extendstretchoutbow,"extend, stretch out (bow",
556_exterior,exterior,
557_eye,eye,
558_eyeeyes,"eye, eyes",
559_eyeballlitwhatisinsidetheeye,"eyeball, lit. what is inside the eye",
560_eyebrow,eyebrow,
561_eyebrowlithairofeye,"eyebrow, lit. hair of eye",
562_face,face,
563_faint,faint,
564_faintn,faint (n),
565_fallwhatisatrest,fall (what is at rest),
566_falldownscatter,"fall down, scatter",
567_fallfromaheightintr,fall from a height (intr),
568_fallintowater,fall into water,
569_falloverfalldownintr,"fall over, fall down (intr)",
570_falloverfalldownfalltothesideintr,"fall over, fall down, fall to the side (intr)",
571_familymaleorfemaleego,family (male or female ego),
572_fan,fan,
573_far,far,
574_farsomethingvisible,far (something visible),
575_farmingagriculture,"farming, agriculture",
576_fast,fast,
577_fat,fat,
578_fatlard,fat (lard),
579_father,father,
580_fatherreligious,father (religious),
581_fathermotherofonesgodchild,"father, mother of one's godchild",
582_fatherinlaw,father-in-law,
583_fatherinlawfemaleego,"father-in-law, female ego",
584_fatherinlawmaleego,"father-in-law, male ego",
585_fearnbescaredv,"fear (n.), be scared (v.)",
586_fearbescared,"fear, be scared",
587_feather,feather,
588_featherfromawing,feather from a wing,
589_fecesexcrement,"feces, excrement",
590_feedofferfoodtrans,"feed, offer food (trans)",
591_feedofferfoodtrans,"feed, offer food (trans)@",
592_feelguilty,feel guilty,
593_feelperceive,"feel, perceive",
594_fellowcommunitymembermalefemaleego,"fellow community member (male), female ego",
595_fellowman,fellow man,
596_female,female,
597_femalecousinmaleego,"female cousin, male ego",
598_fencefordefense,fence (for defense),
599_fever,fever,
600_feverish,feverish,
601_fewalittle,few (a little),
602_fiberthread,"fiber, thread",
603_fibrous,fibrous,
604_fieldmouseratsp,"field mouse, rat sp.",
605_fieldmeadowsavannah,"field, meadow, savannah",
606_fightn,fight (n),
607_fighttrans,fight (trans),
608_fightagainsteachother,fight against each other,
609_fightbattlen,"fight, battle (n)",
610_filltrans,fill (trans),
611_finofafish,fin (of a fish),
612_find,find,
613_findcomeacross,"find, come across",
614_finger,finger,
615_fingerlitpointsofthehand,"finger, lit. points of the hand",
616_fingerlitsonofthehand,"finger, lit. son of the hand",
617_fingernail,fingernail,
618_finishtrans,finish (trans),
619_finishtransend,"finish (trans), end",
620_finished,finished,
621_finisheddone,"finished, done",
622_fire,fire,
623_firefly,firefly,
624_fireflyspphotinuspyralis,"firefly sp., Photinus pyralis",
625_firefly,firefly@,
626_firewood,firewood,
627_first,first,
628_firsttime,first time,
629_fish,fish,
630_fishtrans,fish (trans),
631_fishhook,fish hook,
632_fishpoison,fish poison,
633_fishpoisonlonchocarpusutilis,"fish poison, Lonchocarpus utilis",
634_fishscales,fish scales,
635_fishsp,fish sp.,
636_fishspcatfishspmicroglanishpoecilus,fish sp. catfish sp. Microglanish poecilus,
637_fishspcichlidsp,"fish sp., cichlid sp.",
638_fishspsorubimsppseudoplatystomafasciatum,"fish sp., sorubim sp., Pseudoplatystoma fasciatum",
639_fishspspeckledcatfish,"fish sp., speckled catfish",
640_fishsptrahira,"fish sp., trahira",
641_fishsptucunarespcichlamonoculus,"fish sp., tucunare sp., Cichla monoculus",
642_fishwithfishpoison,fish with fish poison,
643_fishwithfishingnet,fish with fishing net,
644_fishwithhooktrans,fish with hook (trans),
645_fishwithnettrans,fish with net (trans),
646_fish,fish@,
647_fishbone,fishbone,
648_fishingnet,fishing net,
649_fishingnetsp,fishing net sp.,
650_five,five,
651_fivemyhand,five (my hand),
652_fix,fix,
653_flamevshineasingivingofflight,"flame (v.), shine (as in giving off light)",
654_flamevshinebrightasingivingofflight,"flame (v.), shine, bright (as in giving off light)",
655_flat,flat,
656_flatextendedhorizontally,"flat, extended horizontally",
657_flea,flea,
658_flexiblebutstrong,flexible but strong,
659_float,float,
660_floodintrtrans,"flood (intr, trans)",
661_floormadefrompalmtrunks,floor made from palm trunks,
662_flourmaniocflour,flour/manioc flour,
663_flow,flow,
664_flowrunoffliquids,"flow, run off (liquids)",
665_flower,flower,
666_flower,flower@,
667_flute,flute,
668_fly,fly,
669_flyintr,fly (intr),
670_flysp,fly sp.,
671_flygeneric,"fly, generic",
672_fog,fog,
673_followtrans,follow (trans),
674_followthetrailofcoming,follow the trail of (coming),
675_followthetrailofgoing,follow the trail of (going),
676_food,food,
677_foot,foot,
678_footmoving,foot (moving),
679_forearm,forearm,
680_forestjungle,forest (jungle),
681_forestjunglewilderness,"forest (jungle), wilderness",
682_foreveralways,"forever, always",
683_forgettrans,forget (trans),
684_four,four,
685_fourtimes,four times,
686_frameforbuilding,frame (for building),
687_fresh,fresh,
688_friend,friend,
689_friendcompanion,"friend, companion",
690_friend,friend@,
691_frogsphylapunctata,"frog sp., Hyla punctata",
692_frogspleptodactyluspentadactylus,"frog sp., Leptodactylus pentadactylus",
693_frogtoad,"frog, toad",
694_frogtoadsp,"frog, toad sp.",
695_frogtoadspdemonfrog,"frog, toad sp., demon frog",
696_frogtoadsppipapipa,"frog, toad sp., Pipa pipa",
697_frogtoadgeneric,"frog, toad, generic",
698_fruit,fruit,
699_fruitfromthestemof,fruit (from the stem of),
700_fruitgeneric,"fruit, generic",
701_frytrans,fry (trans),
702_fugitivepersonwhoescapes,"fugitive, person who escapes",
703_fulfillaccomplish,"fulfill, accomplish",
704_full,full,
705_fullmouth,full mouth,
706_fur,fur,
707_furtheronbeyond,"further on, beyond",
708_gameparty,"game, party",
709_gapemptyspot,"gap, empty spot",
710_garbage,garbage,
711_garbage,garbage@,
712_gatherfirewood,gather firewood,
713_gatherharvesttrans,"gather, harvest (trans)",
714_gatherpickbreakingthestem,"gather, pick (breaking the stem)",
715_getclosenearnearbytosomeoneorsomethingslowly,get close (near/nearby) to someone or something slowly,
716_getconfused,get confused,
717_getdressed,get dressed,
718_getdressedintr,get dressed (intr),
719_getdressedintr,get dressed (intr)@,
720_getlatetheday,get late (the day),
721_getsick,get sick,
722_getusedtotrans,get used to (trans),
723_giantanteatermyrmecophagatridactyla,"giant anteater, Myrmecophaga tridáctyla",
724_gift,gift,
725_girlfemalechild,"girl, female child",
726_giveditr,give (ditr),
727_giveaway,give away,
728_givebirthtotrans,give birth to (trans),
729_giveflower,give flower,
730_gland,gland,
731_glutton,glutton,
732_gnawnibblebite,"gnaw, nibble, bite",
733_go,go,
734_goimp,go (IMP),
735_godown,go down,
736_godownintr,go down (intr),
737_godownthetide,go down (the tide),
738_godownriverintr,go downriver (intr),
739_goupriverintr,go upriver (intr),
740_god,god,
741_godofthunderandlightning,god of thunder and lightning,
742_godchildgodsonordaughterfemaleego,"godchild (godson or daughter), female ego",
743_godfather,godfather,
744_godmother,godmother,
745_good,good,
746_good,good@,
747_gourd,gourd,
748_gourdvessel,gourd vessel,
749_gourdpumpkinsquash,"gourd, pumpkin, squash",
750_gourdpumpkinsquashsp,"gourd, pumpkin, squash sp.",
751_grabtrans,grab (trans),
752_grandchild,grandchild,
753_grandchildfemaleego,"grandchild, female ego",
754_grandchildmaleego,"grandchild, male ego",
755_grandfather,grandfather,
756_grandmother,grandmother,
757_grandson,grandson,
758_grass,grass,
759_grasssp,grass sp.,
760_grasshopper,grasshopper,
761_grate,grate,
762_gravesicknessdisease,"grave sickness, disease",
763_green,green,
764_greengrue,"green, grue",
765_grill,grill,
766_grillbarbeque,"grill, barbeque",
767_grillbarbequen,"grill, barbeque (n)",
768_grillbarbeque,"grill, barbeque@",
769_grindtrans,grind (trans),
770_grindstonestoneforsharpening,"grindstone, stone for sharpening",
771_groann,groan (n.),
772_groanv,groan (v.),
773_groin,groin,
774_group,group,
775_groupmultitude,"group, multitude",
776_growintrtrans,"grow (intr, trans)",
777_growintrtransonlypeople,"grow (intr, trans) (only people)",
778_growbigintr,grow big (intr),
779_growfillforexamplewateratitssource,"grow, fill (for example water at it's source)",
780_grue,grue,
781_guardn,guard (n),
782_guideprotector,"guide, protector",
783_guineapig,guinea pig (?),
784_gull,gull,
785_gulpmouthful,"gulp, mouthful",
786_haber,haber,
787_hair,hair,
788_haironhead,hair (on head),
789_hammock,hammock,
790_hand,hand,
791_handle,handle,
792_handleofaninstrument,handle (of an instrument),
793_handleofvaseetc,"handle (of vase, etc.)",
794_happy,happy,
795_happyjoy,"happy, joy",
796_hard,hard,
797_hardbutflexible,hard (but flexible),
798_hardrigiddense,"hard (rigid, dense)",
799_hardtough,"hard, tough",
800_harden,harden,
801_harpoontrans,harpoon (trans),
802_hate,hate,
803_hatedetest,"hate, detest",
804_havetrans,have (trans),
805_haveabeardmoustachefacialhair,"have a beard, moustache, facial hair",
806_haveaholebehollow,"have a hole, be hollow",
807_havealoverorspousehidden,have a lover or spouse hidden,
808_haveaparty,have a party,
809_haveawakeholdavigilmourn,"have a wake, hold a vigil, mourn",
810_haveawifebemarriedmaleego,"have a wife, be married, male ego",
811_havealliance,have alliance,
812_haveflower,have flower,
813_havefriendship,have friendship,
814_haveholes,have holes,
815_havetheflu,have the flu,
816_head,head,
817_headofariverstreamravine,"head of a river, stream, ravine",
818_headwatersbeginningofriver,"headwaters, beginning of river",
819_healintr,heal (intr),
820_healintrtrans,"heal (intr, trans)",
821_healtrans,heal (trans),
822_healthy,healthy,
823_heapofdusttrash,"heap of dust, trash",
824_heappileupstackaccumulate,"heap, pile up, stack, accumulate",
825_heappilestack,"heap, pile, stack",
826_heartrans,hear (trans),
827_heart,heart,
828_heat,heat,
829_heavy,heavy,
830_heavyweight,"heavy, weight",
831_heel,heel,
832_heighthightallplace,"height, high/tall place",
833_helptrans,help (trans),
834_helptogivebirt,help to give birt,
835_hideintrtrans,"hide (intr, trans)",
836_highupadv,high up (adv.),
837_hightall,"high, tall",
838_hill,hill,
839_hillmountain,"hill, mountain",
840_hillspit,"hill, spit",
841_hips,hips,
842_holdhands,hold hands,
843_hole,hole,
844_holypersonspiritualforce,"holy person, spiritual force",
845_honey,honey,
846_honeybee,honeybee,
847_horn,horn,
848_horsefly,horsefly,
849_hot,hot,
850_hotburning,"hot, burning",
851_house,house,
852_how,how?,
853_howlermonkey,howler monkey,
854_howlermonkeysp,howler monkey sp.,
855_howlermonkeyalouattaseniculus,"howler monkey, Alouatta seniculus",
856_huasacuorhuasacohopliasmalabaricustrahirafish,"huasacu or huasaco, Hoplias malabaricus, trahira fish",
857_hump,hump,
858_hungry,hungry,
859_huntintrtrans,"hunt (intr, trans)",
860_huntorfishforoneself,hunt or fish for oneself,
861_hurt,hurt,
862_hurtbepainful,"hurt, be painful",
863_hurtwound,"hurt, wound",
864_hurtwoundhead,"hurt, wound head",
865_hurtwounded,"hurt, wounded",
866_husband,husband,
867_iguanaiguanaiguana,iguana. Iguana iguana,
868_illuminateshinelighton,"illuminate, shine light on",
869_imitaterepresentsignalsometimesimitateasinmock,"imitate, represent, signal, sometimes 'imitate' as in 'mock'",
870_immaturenewforsomethingroundlikefruit,"immature, new (for something round like fruit)",
871_importunebother,"importune, bother",
872_infront,in front,
873_infrontofsomethingorsomeone,in front of something or someone,
874_inclinebow,"incline, bow",
875_increase,increase,
876_indian,Indian,
877_indianfromanothergroup,Indian from another group,
878_indianwoman,Indian woman,
879_infant,infant,
880_information,information,
881_inside,inside,
882_intestinesguts,"intestines, guts",
883_invite,invite,
884_invitetrans,invite (trans),
885_invitetoapartytrans,invite to a party (trans),
886_invokecall,"invoke, call",
887_ironmetal,"iron, metal",
888_island,island,
889_isulaorizulaparaponeraclavatabulletant,"isula or izula, Paraponera clavata, bullet ant",
890_itstrue,it's true,
891_jaguar,jaguar,
892_jaw,jaw,
893_jergonbothropsatroxferdelancesnake,"jergón, Bothrops atrox, fer-de-lance snake",
894_joinputtogetherattachtrans,"join, (put together, attach) (trans)",
895_jumpintr,jump (intr),
896_jumpfromonesidetoanother,jump from one side to another,
897_jumpwithonefootortwo,jump with one foot or two,
898_keep,keep,
899_kidney,kidney,
900_killtrans,kill (trans),
901_killtransdoinggreatdamage,kill (trans) doing great damage,
902_kinracenation,"kin, race, nation",
903_kiss,kiss,
904_kneadrubtrans,"knead, rub (trans)",
905_knee,knee,
906_kneecap,kneecap,
907_knife,knife,
908_knockdown,knock down,
909_knockdownundobreakup,"knock down, undo, break up",
910_knot,knot,
911_knotinwoodtree,knot (in wood/tree),
912_knotknobforexampleinacanereed,"knot, knob (for example, in a cane/reed)",
913_knowtrans,know (trans),
914_knowhowtodo,know how to do,
915_knowwell,know well,
916_lake,lake,
917_landgroundearth,"land, ground, earth",
918_landslide,landslide,
919_language,language,
920_lap,lap,
921_larvamaggotgrub,"larva, maggot, grub",
922_larvamaggotgrubsp,"larva, maggot, grub sp.",
923_larvamaggotgrubspthatappearsinfruitsandmeats,"larva, maggot, grub sp. that appears in fruits and meats",
924_larvamaggotgrubsppalmweevilsuri,"larva, maggot, grub sp., palm weevil, suri",
925_lateatnight,late at night,
926_latelyrecently,"lately, recently",
927_later,later,
928_lateraftersomethingsomeone,"later, after something, someone",
929_laughintr,laugh (intr),
930_law,law,
931_laydown,lay down,
932_lazy,lazy,
933_leaderofthesongconductor,"leader of the song, conductor",
934_leaf,leaf,
935_leafcutterant,leaf-cutter ant,
936_leavetrans,leave (trans),
937_leavefromintr,leave from (intr),
938_leavefromdepartleaveonatrail,"leave from, depart, leave on a trail",
939_left,left,
940_lefthand,left (hand),
941_leg,leg,
942_lend,lend,
943_lendletborrow,"lend, let borrow",
944_lengthbodyofsomethinglong,"length, body of something long",
945_letgo,let go,
946_liarpersonwholies,"liar, person who lies",
947_lien,lie (n.),
948_lieonasurfaceintr,lie on a surface (intr),
949_lieonasurfaceintronlyanimals,"lie on a surface (intr), only animals",
950_lietodeceivetrans,"lie to, deceive (trans)",
951_life,life,
952_lifttrans,lift (trans),
953_lifttranssomethingheavy,lift (trans) (something heavy),
954_light,light,
955_lightv,light (v.),
956_lightvstartfire,"light (v.), start fire",
957_lightweight,light (weight),
958_lightfirev,light fire (v.),
959_limpwithonefootanddragtheother,limp with one foot and drag the other,
960_linerow,"line, row",
961_lip,lip,
962_liplips,"lip, lips",
963_lipslitedgeofthemouth,"lips, lit. edge of the mouth",
964_lipslitskinofthemouth,"lips, lit. skin of the mouth",
965_liveintr,live (intr),
966_liver,liver,
967_lixardsp,lixard sp.,
968_lizardsp,lizard sp.,
969_lizardsptupinambisteguixin,"lizard sp.,  Tupinambis teguixin",
970_lizardgeckosp,"lizard, gecko sp.",
971_lizardgeckoiguana,"lizard, gecko, iguana",
972_lizardgeckoiguana,"lizard, gecko, iguana@",
973_loadn,load (n.),
974_lobeshapedpartofaclub,lobe-shaped part of a club,
975_long,long,
976_longstickformakingholesinthegroundforplanting,long stick for making holes in the ground for planting,
977_longtime,long time,
978_longtimeago,long time ago,
979_lookintr,look (intr),
980_lookfortrans,look for (trans),
981_lookforsomething,look for something,
982_looklikeresemble,"look like, resemble",
983_lookoverobserve,"look over, observe",
984_loseoneselfintr,lose (oneself) (intr),
985_loseoneselflosetheway,"lose (oneself), lose the way",
986_losesomething,lose something,
987_loseway,lose way,
988_lost,lost,
989_louse,louse,
990_love,love,
991_lovetrans,love (trans),
992_lovetrans,love (trans)@,
993_lowerback,lower back,
994_lowerleg,lower leg,
995_lowerlip,lower lip,
996_lumbarregiontailboneendofspinalcolumn,"lumbar region, tailbone, end of spinal column",
997_lumpbecomelumpy,"lump, become lumpy",
998_lumpbulgethatformsontheheadandotherpartsofthebody,"lump, bulge that forms on the head and other parts of the body",
999_lung,lung,
1000_macaw,macaw,
1001_macawaap,macawa ap.,
1002_machete,machete,
1003_majaspaca,majás (paca),
1004_majaspacacuniculuspaca,"majás (paca), Cuniculus paca",
1005_make,make,
1006_makearrive,make arrive,
1007_makedirty,make dirty,
1008_makedirtysoil,"make dirty, soil",
1009_makedull,make dull,
1010_makefalldrop,"make fall, drop",
1011_makegosend,"make go, send",
1012_makejump,make jump,
1013_makeleave,make leave,
1014_makeremembertrans,make remember (trans),
1015_makesweat,make sweat,
1016_male,male,
1017_malleable,malleable,
1018_man,man,
1019_manioc,manioc,
1020_maniocbeer,manioc beer,
1021_manioccutting,manioc cutting,
1022_maniocflour,manioc flour,
1023_maniocmanihotesculenta,"manioc, Manihot esculenta",
1024_manymuch,many (much),
1025_manymuchinagroup,many (much) in a group,
1026_marrytrans,marry (trans),
1027_marrytransmarriagemarried,"marry (trans), marriage, married",
1028_marryamantrans,marry a man (trans),
1029_marryawomantrans,marry a woman (trans),
1030_marshswamp,"marsh, swamp",
1031_massage,massage,
1032_mat,mat,
1033_maternaluncle,maternal uncle,
1034_maternalunclembormpgsmaleorfemaleego,"maternal uncle: MB or MPGS, male or female ego",
1035_meat,meat,
1036_meet,meet,
1037_meetencountercomeacrossfind,"meet, encounter, come across, find",
1038_meetvisit,"meet, visit",
1039_meetvisitagainseeagain,"meet/visit again, see again",
1040_meltfatlard,melt fat/lard,
1041_melted,melted,
1042_memory,memory,
1043_messenger,messenger,
1044_mestizomixedperson,"mestizo, mixed person",
1045_microbebugassociatedtowater,"microbe, bug (associated to water)",
1046_mine,mine,
1047_mitespscabies,mite sp. (scabies),
1048_mixtrans,mix (trans),
1049_mixturn,"mix, turn",
1050_mixerblender,"mixer, blender",
1051_mockmakefunof,"mock, make fun of",
1052_monkey,monkey,
1053_monkeysp,monkey sp.,
1054_monkeyspbalduakaricacajaocalvus,"monkey sp., bald uakari, Cacajao calvus",
1055_monkeyspmarmoset,"monkey sp., marmoset",
1056_monkeygeneric,"monkey, generic",
1057_month,month,
1058_moon,moon,
1059_more,more,
1060_morning,morning,
1061_mortar,mortar,
1062_mortarpestle,mortar & pestle,
1063_mosquito,mosquito,
1064_mosquitosp,mosquito sp.,
1065_mosquitogeneric,"mosquito, generic",
1066_mother,mother,
1067_motherinlaw,mother-in-law,
1068_motherinlawfemaleego,"mother-in-law, female ego",
1069_motherinlawmaleego,"mother-in-law, male ego",
1070_mourn,mourn,
1071_mouserat,"mouse, rat",
1072_moustache,moustache,
1073_mouth,mouth,
1074_moveto,move to,
1075_muchmany,"much, many",
1076_mud,mud,
1077_murky,murky,
1078_murkywater,murky water,
1079_mythicalhero,mythical hero,
1080_nailfastenattach,"nail, fasten, attach",
1081_naked,naked,
1082_namen,name (n.),
1083_namen,name (n.)@,
1084_nameofagodfromtupimythology,name of a god from Tupi mythology,
1085_napebackofneck,"nape, back of neck",
1086_narrow,narrow,
1087_narrowinthemiddle,narrow in the middle,
1088_narrowinthemiddleandwideontheends,narrow in the middle and wide on the ends,
1089_nationrace,"nation, race",
1090_nearnearby,near (nearby),
1091_nearnearbybewithperson,"near (nearby), be with (person)",
1092_neck,neck,
1093_necklace,necklace,
1094_need,need,
1095_negatesayno,"negate, say no",
1096_negotiationagreement,"negotiation, agreement",
1097_neighbor,neighbor,
1098_nephew,nephew,
1099_nephewbcorpgccfemaleego,"nephew, BC or PGCC, female ego",
1100_nephewfemaleego,"nephew, female ego",
1101_nephewmaleego,"nephew, male ego",
1102_nepheworsonofmalecousinmaleego,"nephew, or son of male cousin. male ego",
1103_nephewzs,"nephew, ZS",
1104_nestforbirds,"nest, for birds",
1105_new,new,
1106_nextpart,next part,
1107_niece,niece,
1108_niecezdormzddorfzddmaleego,"niece (ZD or MZDD or FZDD), male ego",
1109_niecebcorpgccfemaleego,"niece, BC or PGCC, female ego",
1110_niecemaleego,"niece, male ego",
1111_niecemaleegobrothersdaughterorcousinsdaughter,"niece, male ego (brother's daughter or cousin's daughter)",
1112_nightevening,night (evening),
1113_no,no,
1114_nofemalewoman,no (female/woman),
1115_nonegation,"no, negation",
1116_nobody,nobody,
1117_noise,noise,
1118_none,none,
1119_none,NONE,
1120_nose,nose,
1121_nothing,nothing,
1122_now,now,
1123_nowsoon,"now, soon",
1124_obeytrans,obey (trans),
1125_oblongbasket,oblong basket,
1126_oceansea,"ocean, sea",
1127_ocelot,ocelot,
1128_offspring,offspring,
1129_offspringsonordaughterfemaleego,"offspring (son or daughter), female ego",
1130_offspringchildcubofmale,"offspring, child, cub (of male)",
1131_oftenfrequent,"often, frequent",
1132_old,old,
1133_oldman,old man,
1134_oldwoman,old woman,
1135_olderbrothermaleego,"older brother, male ego",
1136_oldercousinfemalefemaleego,"older cousin (female), female ego",
1137_oldercousinmalemaleego,"older cousin (male), male ego",
1138_oldernephewmaleego,"older nephew, male ego",
1139_olderniecefemaleego,"older niece, female ego",
1140_oldersisterfemaleego,"older sister, female ego",
1141_one,one,
1142_onetime,one time,
1143_oneeyedcrosseyed,"one-eyed, cross-eyed",
1144_onehanded,one-handed,
1145_open,open,
1146_openstativeverbadj,"open (stative verb, adj)",
1147_opentrans,open (trans),
1148_openingcrack,"opening, crack",
1149_ordercommand,"order, command",
1150_orphan,orphan,
1151_orphanoffather,orphan (of father),
1152_orphanofmother,"orphan, of mother",
1153_other,other,
1154_otherfs,other (FS),
1155_otherms,other (MS),
1156_overthere,over there,
1157_ownerbossmaster,"owner, boss (master)",
1158_pacoorpacufishcolossomaspp,paco or pacu fish (Colossoma spp.),
1159_pacuspmylossomaduriventre,"pacu sp., Mylossoma duriventre",
1160_paddleintr,paddle (intr),
1161_paddlen,paddle (n.),
1162_paddlev,paddle (v.),
1163_painn,pain (n.),
1164_paintintrtrans,"paint (intr, trans)",
1165_paintbluetrans,paint blue (trans),
1166_paintwithhand,paint with hand,
1167_paintedspotted,painted (spotted),
1168_paintedspottedwithwhite,painted (spotted) with white,
1169_paintedspotted,"painted, spotted",
1170_paircouple,"pair, couple",
1171_pantbreatheheavily,pant (breathe heavily),
1172_parakeet,parakeet,
1173_parakeetsp,parakeet sp.,
1174_parcialparalysis,parcial paralysis,
1175_parentsrelativeskin,"parents, relatives, kin",
1176_parrot,parrot,
1177_parrotsp,parrot sp.,
1178_parrot,parrot@,
1179_pass,pass,
1180_passtime,pass (time),
1181_passtrans,pass (trans),
1182_passinfrontoftrans,pass in front of (trans),
1183_passionfruit,passion fruit,
1184_passionfruitpassifloraligularis,"passion fruit, Passiflora ligularis",
1185_paternalauntfatherssisterorfathersfemalecousin,paternal aunt; father's sister or father's female cousin,
1186_paternalunclefborfpgs,paternal uncle FB or FPGS,
1187_pathfromtheseatoinland,path from the sea to inland,
1188_pathroad,"path, road",
1189_patioporch,patio (porch),
1190_peanut,peanut,
1191_peeltrans,peel (trans),
1192_peelofafruit,peel of a fruit,
1193_penetratedeeply,penetrate deeply,
1194_penis,penis,
1195_people,people,
1196_personwholivesintheforestispartofanindigenouscommunity,"person who lives in the forest, is part of an indigenous community",
1197_personwhonames,person who names,
1198_personhuman,"person, human",
1199_personhuman,"person, human@",
1200_pestle,pestle,
1201_phlegm,phlegm,
1202_piece,piece,
1203_piecepartofsomethingextensivelikeforestgroundwoodfleshleather,"piece, part (of something extensive, like forest, ground, wood, flesh, leather)",
1204_piecesslicesforexampleoffruitslikepineapplepapaya,"pieces, slices (for example, of fruits like pineapple, papaya)",
1205_piercetrans,pierce (trans),
1206_piercethroughtheinside,pierce through the inside,
1207_pinchsqueezenibbleforexampleafishnibblingahooketc,"pinch, squeeze, nibble (for example, a fish nibbling a hook, etc)",
1208_pineapple,pineapple,
1209_piranha,piranha,
1210_pitheciasppespeciallypitheciamonachusmonksakimonjey,"Pithecia spp., especially Pithecia monachus, monk saki monjey",
1211_place,place,
1212_placeseat,"place, seat",
1213_placewaytimefordrinkingwater,"place, way, time for drinking water",
1214_plague,plague,
1215_planttrans,plant (trans),
1216_plantspbroomweed,"plant sp., broomweed",
1217_plantbushgenericterm,"plant, bush. generic term",
1218_plantains,plantains,
1219_plantainsmusaparadisiaca,"plantains, Musa paradisiaca",
1220_plate,plate,
1221_playintrtrans,"play (intr, trans)",
1222_playintrtrans,"play (intr, trans)@",
1223_plazacourtyard,"plaza, courtyard",
1224_pleiades,Pleiades,
1225_plowbeat,"plow, beat",
1226_point,point,
1227_pointfront,"point, front",
1228_pointtipoftreeetc,"point, tip (of tree, etc.)",
1229_pointtipofearthland,"point, tip of earth/land",
1230_poison,poison,
1231_poor,poor,
1232_port,port,
1233_pot,pot,
1234_potwithhandles,pot with handles,
1235_pourspill,"pour, spill",
1236_poverty,poverty,
1237_practice,practice,
1238_prankstertrickster,"prankster, trickster",
1239_pregnant,pregnant,
1240_press,press,
1241_prettybeautiful,"pretty, beautiful",
1242_prey,prey,
1243_preycaught,prey (caught),
1244_prisoner,prisoner,
1245_procreate,procreate,
1246_promise,promise,
1247_pronounce,pronounce,
1248_protrusionintheshapeofanose,protrusion in the shape of a nose,
1249_protrusionmoreorlessround,"protrusion, more or less round",
1250_providefoodhuntfish,provide food (hunt/fish),
1251_prow,prow,
1252_prowbow,"prow, bow",
1253_prowbowofcanoe,"prow, bow of canoe",
1254_prunetrimonlytheleaves,"prune, trim only the leaves",
1255_publicly,publicly,
1256_pucacuruorpucacurosolonepsisinvictafireant,"pucacuru or pucacuro, Solonepsis invicta, fire ant",
1257_pulltrans,pull (trans),
1258_pullback,pull back,
1259_pullofftearaway,"pull off, tear away",
1260_pulloutextracttrans,"pull out, extract (trans)",
1261_pullwithdraw,"pull, withdraw",
1262_pulp,pulp,
1263_pushtrans,push (trans),
1264_putditr,put (ditr),
1265_putditrplace,"put (ditr), place",
1266_putinside,put inside,
1267_putupagainst,put up against,
1268_putplaceditr,"put, place (ditr)",
1269_putplaceputsomethinginside,"put, place, put something inside",
1270_question,question,
1271_quickfast,"quick, fast",
1272_quietdown,quiet down,
1273_quietcalm,"quiet, calm",
1274_rain,rain,
1275_rainn,rain (n.),
1276_rainvintr,rain (v.) (intr),
1277_rainbow,rainbow,
1278_rattlemaraca,"rattle, maraca",
1279_reach,reach,
1280_reachtrans,reach (trans),
1281_recently,recently,
1282_recentlyafewminutesago,"recently, a few minutes ago",
1283_receptaclevessel,"receptacle, vessel",
1284_red,red,
1285_redclay,red clay,
1286_redbrightcolorofripefruits,"red, bright color of ripe fruits",
1287_reddish,reddish,
1288_relativemalefemaleego,"relative (male), female ego",
1289_remembertrans,remember (trans),
1290_remembertrans,remember (trans)@,
1291_requestsomething,request something,
1292_requestaskforditr,"request, ask for (ditr?)",
1293_requestaskforsomethingasagift,request/ask for something as a gift,
1294_respondtrans,respond (trans),
1295_restintr,rest (intr),
1296_return,return,
1297_returnintr,return (intr),
1298_reuniteasacouple,reunite as a couple,
1299_rhythmstickinstrument,rhythm stick (instrument),
1300_rib,rib,
1301_ribslitthebonesoftheownerboss,"ribs, lit. 'the bones of the owner/boss'",
1302_ridehorse,ride horse,
1303_righthand,right (hand),
1304_rightsidehand,right (side/hand),
1305_rightherenear,"right here, near",
1306_rightnow,right now,
1307_rigid,rigid,
1308_ringhoop,"ring, hoop",
1309_ripe,ripe,
1310_ripebecomeripe,"ripe, become ripe",
1311_river,river,
1312_rivercaudaloso,river caudaloso,
1313_roasttrans,roast (trans),
1314_roastfarinatrans,roast fariña (trans),
1315_roastedsiftedmaniocdoughwrappedinfoilandroastedinclaypot,"roasted, sifted manioc dough wrapped in foil and roasted in clay pot",
1316_robberthief,"robber, thief",
1317_rocksway,"rock, sway",
1318_rockswayforexamplerockababy,"rock, sway. for example, rock a baby",
1319_rodentgenericterm,"rodent, generic term",
1320_rollwrap,"roll, wrap",
1321_root,root,
1322_rope,rope,
1323_ropeforhammock,rope for hammock,
1324_rotten,rotten,
1325_rough,rough,
1326_round,round,
1327_roundspherical,"round, spherical",
1328_rubtrans,rub (trans),
1329_rubsmeartrans,"rub, smear (trans)",
1330_runintr,run (intr),
1331_sad,sad,
1332_saddlebacktamarinmonkey,saddle-back tamarin monkey,
1333_saliva,saliva,
1334_salt,salt,
1335_salty,salty,
1336_same,same,
1337_sand,sand,
1338_sandfly,sandfly,
1339_sandflysp,sandfly sp.,
1340_sapresin,sap (resin),
1341_satisfy,satisfy,
1342_save,save,
1343_saytrans,say (trans),
1344_scabiesmitesp,"scabies, mite sp.",
1345_scales,scales,
1346_scare,scare,
1347_scaretrans,scare (trans),
1348_scarletmacawaramacao,"scarlet macaw, Ara macao",
1349_scrapescratchtrans,"scrape, scratch (trans)",
1350_scratchwoundcutn,"scratch, wound, cut (n.)",
1351_scratchpaintbodywithpaint,scratch/(paint?) body with paint,
1352_seeintr,see (intr),
1353_seeintrtrans,"see (intr, trans)",
1354_seed,seed,
1355_semen,semen,
1356_send,send,
1357_sendsomethingtoanotherplace,send something to another place,
1358_separateallot,"separate, allot",
1359_sewtrans,sew (trans),
1360_shadowshade,"shadow, shade",
1361_shadowshade,"shadow, shade@",
1362_shakeintr,shake (intr),
1363_shakeintrtrans,"shake (intr, trans)",
1364_shakeintrtransagitate,"shake (intr, trans), agitate",
1365_shaketrembleintrtrans,"shake, tremble (intr, trans)",
1366_shaketremorintr,"shake, tremor (intr.)",
1367_shaketremorn,"shake, tremor (n.)",
1368_shaken,shaken,
1369_sharedistributegive,"share, distribute, give",
1370_sharp,sharp,
1371_sharpentrans,sharpen (trans),
1372_sharpentransmakeapointon,sharpen (trans)/ make a point on,
1373_sharpentrans,sharpen (trans)@,
1374_shavehead,shave head,
1375_shell,shell,
1376_shelter,shelter,
1377_shelterhut,"shelter, hut",
1378_shin,shin,
1379_shine,shine,
1380_shinebrightnessn,"shine, brightness (n.)",
1381_shineshiny,"shine, shiny",
1382_shirt,shirt,
1383_shoot,shoot,
1384_shoottrans,shoot (trans),
1385_shootandhit,shoot and hit,
1386_shootsprout,"shoot, sprout",
1387_shorebank,"shore, bank",
1388_short,short,
1389_shoulder,shoulder,
1390_shoulderlittheseatofthearm,"shoulder, lit. the seat of the arm",
1391_shoutyellintr,"shout, yell (intr)",
1392_shoutyelln,"shout, yell (n)",
1393_shoutyelln,"shout, yell (n.)",
1394_shoutyellv,"shout, yell (v.)",
1395_show,show,
1396_shusupelachesismutabushmastersnake,"shusupe, Lachesis muta, bushmaster snake",
1397_sick,sick,
1398_sicknessdisease,"sickness, disease",
1399_side,side,
1400_sievestrainer,sieve (strainer),
1401_sievestrainer,"sieve, strainer",
1402_signalimage,"signal, image",
1403_similar,similar,
1404_sin,sin,
1405_sing,sing,
1406_singintr,sing (intr),
1407_sinkintr,sink (intr),
1408_sister,sister,
1409_sisterfemaleego,"sister, female ego",
1410_sistermaleego,"sister, male ego",
1411_sisterinlaw,sister-in law,
1412_sisterinlawfemaleego,"sister-in law, female ego",
1413_sisterinlawmaleego,"sister-in law, male ego",
1414_sisterinlawbwormbswfemaleego,"sister-in law: BW or MBSW, female ego",
1415_sisterinlawbwfbsworgbwmaleego,"sister-in law: BW, FBSW, or GBW,  male ego",
1416_sisterinlawybwmaleego,"sister-in law: yBW, male ego",
1417_sisterinlawwezmaleego,"sister-in-law, WeZ, male ego",
1418_sisterinlawwyzmaleego,"sister-in-law, WyZ, male ego",
1419_sistersinlawhbwfemaleego,"sisters-in-law: HBW, female ego",
1420_sitintr,sit (intr),
1421_skin,skin,
1422_skinseparatedfrombody,skin (separated from body),
1423_skintrans,skin (trans),
1424_skinananimaltrans,skin an animal(trans),
1425_skinnythin,"skinny, thin",
1426_sky,sky,
1427_sleepintr,sleep (intr),
1428_sleepingspot,sleeping spot,
1429_slipintr,slip (intr),
1430_slipfallkeepingincontactwiththeground,"slip, fall, keeping in contact with the ground",
1431_slippery,slippery,
1432_sloth,sloth,
1433_slothbradypusvariegatus,"sloth, Bradypus variegatus.",
1434_slow,slow,
1435_slowflowrunoffofviscousphlegmyliquids,"slow flow, run off (of viscous/ phlegmy liquids)",
1436_smack,smack,
1437_small,small,
1438_smallbasket,small basket,
1439_smallcanoe,small canoe,
1440_smallcutuppiecesforexamplesmallpiecesofmaniocorsweetpotatotomakechips,"small cut up pieces (for example, small pieces of manioc or sweet potato to make chips)",
1441_smallpartofanobjectforexamplearippedpieceofcloth,"small part of an object (for example, a ripped piece of cloth)",
1442_smallpiecescutupforexamplefood,"small pieces, cut up (for example, food)",
1443_smellintrtrans,"smell (intr, trans)",
1444_smelltrans,smell (trans),
1445_smileintr,smile (intr),
1446_smoken,smoke (n),
1447_smoken,smoke (n.),
1448_smoketrans,smoke (trans),
1449_smokev,smoke (v),
1450_smokefood,smoke food,
1451_smokefood,smoke food@,
1452_smoketobacco,smoke tobacco,
1453_smokingv,smoking (v.),
1454_smooth,smooth,
1455_smoothslipperyandhardsurface,"smooth, slippery, and hard surface",
1456_snake,snake,
1457_snakesp,snake sp.,
1458_snakespcorallushortulanus,"snake sp., Corallus hortulanus",
1459_snakesppitviperspbothropsatrox,"snake sp., pit viper sp., Bothrops atrox",
1460_snakesppitviperspbothropsjararaca,"snake sp., pit viper sp., Bothrops jararaca",
1461_snakesppitvipersplachesismuta,"snake sp., pit viper sp., Lachesis muta",
1462_snakesprattlesnake,"snake sp., rattle snake",
1463_snakespvipers,"snake sp., vipers",
1464_snake,snake@,
1465_snore,snore,
1466_snout,snout,
1467_sobcry,"sob, cry",
1468_soft,soft,
1469_some,some,
1470_sometimeago,some time ago,
1471_somedayfuture,someday (future),
1472_somethingsweetortasty,something sweet or tasty,
1473_son,son,
1474_sonfemaleego,"son, female ego",
1475_sonmaleego,"son, male ego",
1476_soninlaw,son-in-law,
1477_soninlawmaleego,"son-in-law, male ego",
1478_soninlawdhorgdhfemaleego,"son-in-law: DH or GDH, female ego",
1479_soon,soon,
1480_soulseparated,soul (separated),
1481_soundofspillingsomething,sound of spilling something,
1482_sour,sour,
1483_spaguajemauritiaflexuosa,Sp. `aguaje` (Mauritia flexuosa),
1484_spacious,spacious,
1485_speakutterwordsintrans,speak (utter words) (intrans),
1486_speakclear,speak clear,
1487_spear,spear,
1488_spearmetal,spear (metal),
1489_speckofdustgarbage,"speck of dust, garbage",
1490_speechlanguage,"speech, language",
1491_spell,spell,
1492_spicy,spicy,
1493_spicybittertastefromapepperetc,"spicy, bitter taste (from a pepper, etc.)",
1494_spider,spider,
1495_spidermonkey,spider monkey,
1496_spillpour,"spill, pour",
1497_spillwaste,"spill, waste",
1498_spinthreadtrans,spin (thread) (trans),
1499_spinningtop,spinning top,
1500_spiritsoul,spirit (soul),
1501_spitintr,spit (intr),
1502_spleen,spleen,
1503_splittrans,split (trans),
1504_splittranswithoutaninstrument,split (trans) (without an instrument),
1505_splitintopiecestrans,split into pieces (trans),
1506_splitopentrans,split open (trans),
1507_splitbreaktransforexamplesticksetc,"split, break (trans) (for example sticks, etc)",
1508_splitcutsomethinginpiecesorslicesforexampleacakeastickintowoodchipsorfirewood,"split, cut something in pieces or slices (for example, a cake, a stick into woodchips or firewood)",
1509_splitcutsomethinginpiecesorslicesforexampleatreetrunkintofirewoodfruitintoslices,"split, cut something in pieces or slices (for example, a tree trunk into firewood, fruit into slices)",
1510_spousehusbandwife,"spouse, husband, wife",
1511_springofwater,spring (of water),
1512_sprout,sprout,
1513_spur,spur,
1514_squashspcucurbitamaxima,"squash sp., Cucurbita maxima.",
1515_squeezetrans,squeeze (trans),
1516_squeezetranstwist,"squeeze (trans), twist",
1517_squirrelmonkeyortamarinmonkey,squirrel monkey or tamarin monkey,
1518_stabsign,stab sign,
1519_stalkshank,"stalk, shank",
1520_standintr,stand (intr),
1521_standasideawayquietly,"stand aside, away quietly",
1522_standstandupintr,"stand, stand up (intr)",
1523_star,star,
1524_startfire,start fire,
1525_stateofbeing,state of being,
1526_stayintr,stay (intr),
1527_staystill,stay still,
1528_stealtrans,steal (trans),
1529_steepriverbankbluff,"steep riverbank, bluff",
1530_stemstalk,"stem, stalk",
1531_stepon,step on,
1532_steponwalkon,"step on, walk on",
1533_stepmother,stepmother,
1534_stepsonmaleego,"stepson, male ego",
1535_stick,stick,
1536_stilldeeppartofariver,"still, deep part of a river",
1537_sting,sting,
1538_stinkybadsmellbestinkysmellbadintr,"stinky, bad smell, be stinky (smell bad) (intr)",
1539_stomach,stomach,
1540_stonerock,"stone, rock",
1541_stop,stop,
1542_stopintr,stop (intr),
1543_stopintrtrans,"stop (intr, trans)",
1544_story,story,
1545_straight,straight,
1546_straighten,straighten,
1547_straintrans,strain (trans),
1548_strap,strap,
1549_stream,stream,
1550_stream,stream@,
1551_streetroadpath,"street, road, path",
1552_stretch,stretch,
1553_strikegrindtrans,"strike, grind (trans)",
1554_strong,strong,
1555_strongarms,strong arms,
1556_strongly,strongly,
1557_suckthesicknesstrans,suck (the sickness) (trans),
1558_sucktrans,suck (trans),
1559_suffer,suffer,
1560_sugarcane,sugar cane,
1561_summerdryseason,"summer, dry season",
1562_summonforwar,summon for war,
1563_sun,sun,
1564_swallowintrtrans,"swallow (intr, trans)",
1565_swarm,swarm,
1566_sweatintr,sweat (intr),
1567_sweatn,sweat (n),
1568_sweatn,sweat (n.),
1569_sweepintrtrans,"sweep (intr, trans)",
1570_sweet,sweet,
1571_sweetpotato,sweet potato,
1572_swellintr,swell (intr),
1573_swellcollectwaterintr,"swell, collect water (intr)",
1574_swellenlarge,"swell, enlarge",
1575_swellswollen,"swell, swollen",
1576_swellswollenbloated,"swell, swollen, bloated",
1577_swimintr,swim (intr),
1578_swimunderwater,swim under water,
1579_tail,tail,
1580_takealongtrans,take along (trans),
1581_takeawaytakeoff,"take away, take off",
1582_takecareof,take care of,
1583_takeoutremove,"take out, remove",
1584_takeoutremovetrans,"take out, remove (trans)",
1585_takeoutremoveextract,"take out, remove, extract",
1586_takegrab,"take, grab",
1587_takegrabtrans,"take, grab (trans)",
1588_tall,tall,
1589_tamboshelter,"tambo, shelter",
1590_tapir,tapir,
1591_tapirtapirusterrestris,"tapir, Tapirus terrestris",
1592_tasten,taste (n.),
1593_tasty,tasty,
1594_tastysweetorsalty,tasty (sweet or salty),
1595_teardetach,"tear, detach",
1596_teasepranktrick,"tease, prank, trick",
1597_teethtooth,"teeth, tooth",
1598_tellastorytrans,tell (a story) (trans),
1599_tellastory,tell a story,
1600_termite,termite,
1601_testicles,testicles,
1602_thatone,that one,
1603_thick,thick,
1604_thickandround,thick and round,
1605_thickdense,"thick, dense",
1606_thicketforest,"thicket, forest",
1607_thigh,thigh,
1608_thighinsidepart,thigh (inside part,
1609_thigh,thigh@,
1610_thinobjects,thin (objects),
1611_thing,thing,
1612_things,things,
1613_thinkintrtrans,"think (intr, trans)",
1614_thinktrans,think (trans),
1615_thinkbelieve,"think, believe",
1616_this,this,
1617_thorn,thorn,
1618_thread,thread,
1619_threaten,threaten,
1620_three,three,
1621_threetimes,three times,
1622_throat,throat,
1623_throwaspearstab,"throw a spear, stab",
1624_throwthrowawaytrans,"throw, throw away (trans)",
1625_thunder,thunder,
1626_thunderingnoiseloudnoise,"thundering noise, loud noise",
1627_tick,tick,
1628_tickspamblyommadissimite,"tick sp., Amblyomma dissimite",
1629_tidalflood,tidal flood,
1630_tietrans,tie (trans),
1631_tieupcornfromthetipstrans,tie up corn from the tips (trans),
1632_tightentrans,tighten (trans),
1633_tightentrans,tighten (trans)@,
1634_tipend,"tip, end",
1635_tired,tired,
1636_tissueoftheposteriorsuperiorpartofthethigh,tissue of the posterior-superior part of the thigh,
1637_toarmprepare,"to arm, prepare",
1638_toboardgetonaboat,"to board, get on a boat",
1639_tocalmquietdown,"to calm, quiet down",
1640_tofanespeciallyinreferencetocooling,"to fan, especially in reference to cooling",
1641_togreaseoil,"to grease, oil",
1642_toleak,to leak,
1643_toplaybeatinstrument,"to play, beat (instrument)",
1644_totremble,to tremble,
1645_toastcornetc,"toast (corn, etc.)",
1646_toastbrowntrans,"toast, brown (trans)",
1647_toastbrowntrans,"toast, brown (trans)@",
1648_toasted,toasted,
1649_tobacco,tobacco,
1650_tobacconicotianatabacum,"tobacco, Nicotiana tabacum",
1651_today,today,
1652_todayfuture,today (future),
1653_todaynowadays,"today, nowadays",
1654_toe,toe,
1655_toenail,toenail,
1656_together,together,
1657_tomorrow,tomorrow,
1658_tongue,tongue,
1659_tortoisespchelonoidisdenticulata,"tortoise sp., Chelonoidis denticulata",
1660_touch,touch,
1661_touchtrans,touch (trans),
1662_touchfeel,"touch, feel",
1663_trailtrace,"trail, trace",
1664_treattakecareof,"treat, take care of",
1665_tree,tree,
1666_treebase,tree base,
1667_treespbraziliangrapetreepliniacauliflora,"tree sp. (Brazilian grapetree, Plinia cauliflora)",
1668_treesplicaniaelata,"tree sp., Licania elata",
1669_treegeneric,"tree, generic",
1670_trembleshake,"tremble, shake",
1671_trembleshakeintrandn,"tremble, shake (intr and n.)",
1672_trunk,trunk,
1673_try,try,
1674_tucunarecichlaspppeacockbassfish,"tucunaré, cichla spp., peacock bass fish",
1675_tumor,tumor,
1676_turn,turn,
1677_turnintrtrans,"turn (intr, trans)",
1678_turnoffextinguish,"turn off, extinguish",
1679_turnoffextinguishthefire,"turn off, extinguish the fire",
1680_turnoverrevolve,"turn over, revolve",
1681_turnuptwistup,"turn up, twist up",
1682_turtlesppodocnemisexpansa,"turtle sp., Podocnemis expansa",
1683_turtlesppodocnemisunifilis,"turtle sp., Podocnemis unifilis",
1684_turtletortoise,turtle/tortoise,
1685_turtletortoisesp,turtle/tortoise sp.,
1686_turtletortoise,turtle/tortoise@,
1687_twistintrtrans,"twist (intr, trans)",
1688_twisttrans,twist (trans),
1689_twistthreadfibertrans,twist thread/fiber (trans),
1690_two,two,
1691_twostoryhouseraisedstructure,"two story house, raised structure",
1692_typeofbasket,type of basket,
1693_typeofflute,type of flute,
1694_typeofflutesimilartopanpipe,"type of flute, similar to panpipe",
1695_typeofrattlemaraca,"type of rattle, maraca",
1696_typeofspirit,type of spirit,
1697_typeofyellowclay,type of yellow clay,
1698_ugly,ugly,
1699_uncle,uncle,
1700_unclepborppgs,"uncle, PB or PPGS",
1701_unloaddisembark,"unload, disembark",
1702_unlock,unlock,
1703_unripe,unripe,
1704_untietrans,untie (trans),
1705_upperlip,upper lip,
1706_urinateintr,urinate (intr),
1707_urine,urine,
1708_use,use,
1709_usedtosettled,"used to, settled",
1710_vagabond,vagabond,
1711_vagina,vagina,
1712_vapor,vapor,
1713_vaporsteambreath,"vapor, steam, breath",
1714_vegetabledyes,vegetable dyes,
1715_veinartery,"vein, artery",
1716_venitiveauxiliarymergesassociatedmovementtowardsthespeakerandimperfectaspectoccursattheendoftheverbalphraseintheclause,"venitive auxiliary, merges associated movement towards the speaker and imperfect aspect. Occurs at the end of the verbal phrase in the clause.",
1717_venompoison,"venom, poison",
1718_village,village,
1719_vine,vine,
1720_virtuous,virtuous,
1721_vomitintr,vomit (intr),
1722_vomitn,vomit (n),
1723_vulture,vulture,
1724_vulva,vulva,
1725_wakeupintr,wake up (intr),
1726_walkintr,walk (intr),
1727_walkalotorfast,walk a lot or fast,
1728_wallfence,"wall, fence",
1729_wallseparationinhouse,"wall, separation in house",
1730_want,want,
1731_wanttrans,want (trans),
1732_wantlikelove,want/like/love,
1733_warbattle,"war, battle",
1734_warbattlefightn,"war, battle, fight (n)",
1735_washclothes,wash (clothes),
1736_washtrans,wash (trans),
1737_washtrans,wash (trans)@,
1738_washbybeatinghittingwringingtrans,"wash by beating, hitting, wringing (trans)",
1739_wasp,wasp,
1740_water,water,
1741_weakfeeble,weak (feeble),
1742_weakuseless,"weak, useless",
1743_weave,weave,
1744_weavehammockbasketetc,"weave (hammock, basket, etc.)",
1745_weed,weed,
1746_weedtrans,weed (trans),
1747_weighsomethingdownmakesomethingheavy,"weigh something down, make something heavy",
1748_weight,weight,
1749_wet,wet,
1750_wetdampentrans,"wet, dampen (trans)",
1751_wetsoaked,"wet, soaked",
1752_whatthat,"what, that",
1753_what,what?,
1754_where,where?,
1755_which,which?,
1756_whichever,whichever,
1757_whistle,whistle,
1758_white,white,
1759_whitepersonnonindian,"white person, non-Indian",
1760_whitefrontedcapuchinmonkey,white-fronted capuchin monkey,
1761_whitelippedpeccarytayassupecari,white-lipped peccary (Tayassu pecari),
1762_why,why?,
1763_wide,wide,
1764_wife,wife,
1765_win,win,
1766_wind,wind,
1767_windaroundrollup,"wind around, roll up",
1768_windroll,"wind, roll",
1769_wine,wine,
1770_wineincontext,wine (in context),
1771_wing,wing,
1772_winter,winter,
1773_witchshamanhealer,"witch, shaman, healer",
1774_woman,woman,
1775_wood,wood,
1776_woollymonkey,woolly monkey,
1777_woollymonkeylagothrixlagotricha,"woolly monkey, Lagothrix lagotricha",
1778_workintr,work (intr),
1779_workn,work (n),
1780_workv,work (v),
1781_workinagroup,work in a group,
1782_workplacen,workplace (n),
1783_world,world,
1784_wound,wound,
1785_woundn,wound (n.),
1786_woundinjurewithanintrument,"wound, injure (with an intrument)",
1787_wovencloth,woven cloth,
1788_wraptrans,wrap (trans),
1789_wrappedpackage,wrapped package,
1790_wrapper,wrapper,
1791_write,write,
1792_writedrawintrtrans,"write, draw (intr, trans)",
1793_yawnintr,yawn (intr),
1794_year,year,
1795_yellow,yellow,
1796_yes,yes,
1797_yesfs,yes (FS),
1798_yesmainlym,yes (mainly m.),
1799_yesms,yes (MS),
1800_yesonlyformen,yes (only for men),
1801_yesterday,yesterday,
1802_youngman,young man,
1803_youngwoman,young woman,
1804_youngerbrothermaleego,"younger brother, male ego",
1805_youngerfemalecousinfemaleego,"younger female cousin, female ego",
1806_youngerniecefemaleego,"younger niece, female ego",
1807_youngersisterfemaleego,"younger sister, female ego",
1_sun,sun,
2_star,star,
3_sky,sky,
4_cloud,cloud,
5_mist,mist,
6_rain,rain,
7_snow,snow,
8_dew,dew,
9_wind,wind,
10_lightning,lightning,
11_thunder,thunder,
12_year,year,
13_moon,moon,
14_day,day,
15_night,night,
16_morning,morning,
17_yesterday,yesterday,
18_tomorrow,tomorrow,
19_springsummer,spring/summer,
20_autumnwinter,autumn/winter,
21_fire,fire,
22_ashes,ashes,
23_smoke,smoke,
24_cigarette,cigarette,
25_water,water,
26_steam,steam,
27_river,river,
28_stream,stream,
29_largepool,large pool,
30_rock,rock,
31_earth,earth,
32_ground,ground,
33_sand,sand,
34_iron,iron,
35_mountain,mountain,
36_hill,hill,
37_cave,cave,
38_tree,tree,
39_firewood,firewood,
40_forest,forest,
41_cypress,cypress,
42_pine,pine,
43_maple,maple,
44_vine,vine,
45_thorn,thorn,
46_bamboo,bamboo,
47_root,root,
48_branch,branch,
49_bark,bark,
50_leaf,leaf,
51_sprout,sprout,
52_flower,flower,
53_bud,bud,
54_clfforfruit,clf. for fruit,
55_banana,banana,
56_pear,pear,
57_kiwi,kiwi,
58_seed,seed,
59_sugarcane,sugarcane,
60_mountaingrass,mountain grass,
61_fieldgrass,field grass,
62_rice,rice,
63_stickyrice,sticky rice,
64_millet,millet,
65_stickyricecake,sticky rice cake,
66_seedling,seedling,
67_paddy,paddy,
68_land,land,
69_earofgrain,ear of grain,
70_chaff,chaff,
71_topofricesteam,top of rice steam,
72_ricegrass,rice grass,
73_vegetable,vegetable,
74_spinach,spinach,
75_chinesechives,Chinese chives,
76_coriander,coriander,
77_mustard,mustard,
78_bean,bean,
79_pod,pod,
80_sesame,sesame,
81_ginger,ginger,
82_chilli,chilli,
83_pricklyash,pricklyash,
84_taro,taro,
85_mushroom,mushroom,
86_mould,mould,
87_ox,ox,
88_water,water,
89_pig,pig,
90_wildboar,wildboar,
91_goat,goat,
92_chicken,chicken,
93_young,young,
94_duck,duck,
95_goose,goose,
96_bird,bird,
97_dove,dove,
98_crow,crow,
99_horse,horse,
100_dog,dog,
101_cat,cat,
102_tiger,tiger,
103_bear,bear,
104_rat,rat,
105_monkey,monkey,
106_otter,otter,
107_pangolin,pangolin,
108_porcupine,porcupine,
109_smallfrog,small frog,
110_turtle,turtle,
111_riversnail,river snail,
112_crab,crab,
113_fish,fish,
114_cruciancarp,crucian carp,
115_shrimp,shrimp,
116_insect,insect,
117_fly,fly,
118_butterfly,butterfly,
119_bee,bee,
120_wasphornet,"wasp, hornet",
121_ant,ant,
122_locust,locust,
123_fieldcricket,field cricket,
124_grasshopper,grasshopper,
125_mantis,mantis,
126_centipede,centipede,
127_bodylouse,body louse,
128_headlouse,head louse,
129_bedbug,bedbug,
130_stinkbug,stink bug,
131_flea,flea,
132_maggot,maggot,
133_worm,worm,
134_leech,leech,
135_snake,snake,
136_dragon,dragon,
137_gills,gills,
138_scales,scales,
139_horn,horn,
140_wing,wing,
141_feather,feather,
142_egg,egg,
143_claw,claw,
144_tail,tail,
145_head,head,
146_headhair,head hair,
147_finebodyhair,fine body hair,
148_forehead,forehead,
149_face,face,
150_cheeks,cheeks,
151_eye,eye,
152_ear,ear,
153_nose,nose,
154_nasalmucus,nasal mucus,
155_mouth,mouth,
156_saliva,saliva,
157_tongue,tongue,
158_tooth,tooth,
159_beard,beard,
160_neck,neck,
161_shoulder,shoulder,
162_arm,arm,
163_armpit,armpit,
164_hand,hand,
165_palm,palm,
166_fist,fist,
167_fingernail,fingernail,
168_chest,chest,
169_navel,navel,
170_breast,breast,
171_leg,leg,
172_knee,knee,
173_foot,foot,
174_bone,bone,
175_spine,spine,
176_rib,rib,
177_skin,skin,
178_heart,heart,
179_lungs,lungs,
180_liver,liver,
181_pancreas,pancreas,
182_belly,belly,
183_intestines,intestines,
184_body,body,
185_blood,blood,
186_excrement,excrement,
187_urine,urine,
188_meat,meat,
189_oil,oil,
190_salt,salt,
191_tea,tea,
192_liquor,liquor,
193_stickyricedumpling,sticky rice dumpling,
194_congee,congee,
195_dippingsauce,dipping sauce,
196_odour,odour,
197_chopsticks,chopsticks,
198_bowl,bowl,
199_dish,dish,
200_cup,cup,
201_spoon,spoon,
202_wok,wok,
203_wokstand,wok stand,
204_ricesteamer,rice steamer,
205_winnowingfan,winnowing fan,
206_knife,knife,
207_scissors,scissors,
208_axe,axe,
209_sickle,sickle,
210_hoe,hoe,
211_longbow,longbow,
212_crossbow,crossbow,
213_arrow,arrow,
214_endtipa,"end, tip A",
215_endtipb,"end, tip B",
216_yoke,yoke,
217_shoulderpole,shoulder pole,
218_well,well,
219_strawdryingmat,straw drying mat,
220_bamboomat,bamboo mat,
221_quilt,quilt,
222_table,table,
223_stool,stool,
224_book,book,
227_gong,gong,
228_bronzedrum,bronze drum,
229_topgame,top (game),
230_coop,coop,
231_lairburrow,"lair, burrow",
232_room,room,
233_toilet,toilet,
234_wallwooden,wall(wooden),
235_door,door,
236_key,key,
237_tile,tile,
238_net,net,
239_rope,rope,
240_cloth,cloth,
241_clothinloom,cloth in loom,
242_clothes,clothes,
243_hat,hat,
244_bamboohat,bamboo hat,
245_glove,glove,
246_socks,socks,
247_kerchief,kerchief,
248_medicine,medicine,
249_strength,strength,
250_money,money,
251_village,village,
252_place,place,
253_vehicle,vehicle,
254_boat,boat,
255_lograft,lograft,
256_road,road,
257_footprint,footprint,
258_home,home,
259_garden,garden,
260_shadow,shadow,
261_dream,dream,
262_ghost,ghost,
263_person,person,
264_father,father,
265_mother,mother,
266_maternaluncleelder,maternal uncle (elder),
267_maternaluncleyounger,maternal uncle (younger),
268_maternalaunt,maternal aunt,
269_grandfather,grand-father,
270_grandmother,grand-mother,
271_husband,husband,
272_wife,wife,
273_soninlaw,son-in-law,
274_daughterinlaw,daughter-in-law,
275_son,son,
276_daughter,daughter,
277_grandchild,grandchild,
278_elderbrother,elder brother,
279_eldersister,elder sister,
280_youngersiblings,younger siblings,
281_childwhelp,"child, whelp",
282_guest,guest,
283_friend,friend,
284_han,Han,
285_sui,Sui,
286_miao,Miao,
287_yao,Yao,
288_bouyei,Bouyei,
289_kam,Kam,
290_hunchback,hunchback,
291_name,name,
292_toeat,to eat,
293_todrink,to drink,
294_tofeed,to feed,
295_toraise,to raise,
296_tohatch,to hatch,
297_tolick,to lick,
298_torinseout,to rinse out,
299_tobuy,to buy,
300_tosell,to sell,
305_tothrowaway,to throw away,
306_toexchange,to exchange,
307_togive,to give,
308_toborrow,to borrow,
309_tosteal,to steal,
310_tolose,to lose,
311_topulla,to pull A,
312_topullb,to pull B,
313_topullupsleeves,to pull up (sleeves),
315_torollupcloth,to roll up (cloth),
316_tomove,to move,
317_togo,to go,
318_tocomeout,to come out,
319_toarrive,to arrive,
320_tocome,to come,
321_towalk,to walk,
322_togoforawalk,to go for a walk,
323_tohavefun,to have fun,
326_toclimb,to climb,
327_tocrosspass,"to cross, pass",
328_tochasepursue,"to chase, pursue",
329_totripinahole,to trip in a hole,
330_toride,to ride,
331_tokick,to kick,
332_tofall,to fall,
333_tosit,to sit,
334_tokneel,to kneel,
337_toleanoneachother,to lean on each other,
338_torestupon,to rest upon,
339_tosleep,to sleep,
340_torest,to rest,
341_towakeup,to wake up,
342_togetup,to get up,
343_tobathe,to bathe,
344_toswim,to swim,
345_todive,to dive,
347_tofly,to fly,
348_towashhands,to wash (hands),
349_towashclothes,to wash (clothes),
350_toplough,to plough,
351_topullupweeds,to pull up (weeds),
352_todigup,to dig up,
353_tocut,to cut,
354_tosharpen,to sharpen,
355_todye,to dye,
358_toconsider,to consider,
359_tomisssb,to miss (sb.),
360_tolook,to look,
361_toseek,to seek,
362_tosee,to see,
363_tocomeacross,to come across,
364_toraisehead,to raise (head),
365_togaze,to gaze,
366_tofaceupward,to face upward,
369_totell,to tell,
370_tosing,to sing,
371_toscold,to scold,
372_toaccompany,to accompany,
373_toask,to ask,
374_tochat,to chat,
375_tolie,to lie,
376_toagree,to agree,
377_tobewillingto,to be willing to,
378_tolaugh,to laugh,
379_tocry,to cry,
380_toblow,to blow,
381_tountie,to untie,
382_tobark,to bark,
383_tograze,to graze,
384_togrow,to grow,
385_toplantseedings,to plant (seedings),
386_tobearfruit,to bear (fruit),
387_tocall,to call,
388_tofeelwithhands,to feel (with hands),
389_towrite,to write,
390_tocarryonbody,to carry on body,
391_toselect,to select,
392_tohide,to hide,
393_topourout,to pour out,
394_tospurt,to spurt,
395_tobrushon,to brush on,
396_tosweep,to sweep,
397_toopendoor,to open (door),
398_toopenmouth,to open (mouth),
399_toturnoff,to turn off,
400_toshuteyes,to shut (eyes),
401_toholdinmouth,to hold in mouth,
402_tobite,to bite,
403_tonod,to nod,
404_towring,to wring,
405_toturninsideout,to turn inside out,
406_toturnover,to turn over,
407_toturnpages,to turn (pages),
408_toweavecloth,to weave (cloth),
409_toweaveabasket,to weave (a basket),
410_tosew,to sew,
411_toerect,to erect,
412_completet,completet,
413_tobecome,to become,
414_tocomplain,to complain,
415_tolove,to love,
416_tolike,to like,
417_tosnap,to snap,
418_totearintotwopaper,to tear into two (paper),
419_totearcloth,to tear (cloth),
420_tobendover,to bend over,
421_tofear,to fear,
422_tocover,to cover,
423_tocook,to cook,
424_tofry,to fry,
425_toroast,to roast,
426_tosoak,to soak,
427_toextinguish,to extinguish,
428_topeel,to peel,
429_topound,to pound,
430_towipe,to wipe,
431_toscrub,to scrub,
432_towarmoneself,to warm oneself,
433_todrybythefire,to dry by the fire,
434_todryinsun,to dry in sun,
435_toburnfields,to burn (fields),
436_toknowafact,to know (a fact),
437_toknowaperson,to know (a person),
438_towait,to wait,
439_tohave,to have,
440_totake,to take,
441_towant,to want,
442_todo,to do,
443_todisappear,to disappear,
444_toforget,to forget,
445_tocarryonshoulderpole,to carry on shoulder pole,
446_carryovershoulder,carry over shoulder,
447_tocarryonback,to carry on back,
448_toholdachild,to hold (a child),
449_tohurt,to hurt,
450_toitch,to itch,
451_toscratch,to scratch,
452_todrip,to drip,
453_toperspire,to perspire,
454_tosneeze,to sneeze,
455_tovomit,to vomit,
456_tofart,to fart,
457_todie,to die,
458_tokill,to kill,
459_sgime,"¹ sG; I, me",
460_sgyou,² sG; you,
461_sgheshe,"³ sG; he, she",
462_1plweincl,1PL; we(incl.),
463_1plweexcl,1PL; we(excl.),
464_plyou,² pL; you,
465_plthey,³ pL; they,
466_this,this,
467_that,that,
468_what,what,
469_who,who,
470_where,where,
471_place,place,
472_side,side,
473_left,left,
474_right,right,
475_middle,middle,
476_in,in,
477_out,out,
478_behind,behind,
479_along,along,
480_at,at,
481_not,not,
482_very,very,
483_clfforanimal,clf. for animal,
484_onesingle,"one, single",
485_one,one,
486_onefirst,one (first),
487_two,two,
488_twosecond,two (second),
489_three,three,
490_four,four,
491_five,five,
492_six,six,
493_seven,seven,
494_eight,eight,
495_nine,nine,
496_ten,ten,
497_hundred,hundred,
498_zero,zero,
499_half,half,
500_tobe,to be,
501_expensive,expensive,
502_cheap,cheap,
503_hot,hot,
504_cold,cold,
505_coldweather,cold (weather),
506_coolbody,cool (body),
507_clearday,clear (day),
508_bright,bright,
509_gloomy,gloomy,
510_darknight,dark (night),
511_white,white,
512_black,black,
513_grey,grey,
514_red,red,
515_yellow,yellow,
516_green,green,
517_earlymorning,early (morning),
518_lateevening,late (evening),
519_latedelayed,"late, delayed",
520_firstbefore,"first, before",
521_clever,clever,
522_sharpquickwitted,"sharp, quick-witted",
523_stupid,stupid,
524_beautiful,beautiful,
525_deaf,deaf,
526_ashame,a shame,
527_tired,tired,
528_bored,bored,
529_lazy,lazy,
530_shorttempered,short-tempered,
531_insane,insane,
532_difficult,difficult,
533_toilsome,toilsome,
534_raw,raw,
535_cooked,cooked,
536_hungry,hungry,
537_satiated,satiated,
538_full,full,
539_leftover,left over,
540_fragrant,fragrant,
541_stinky,stinky,
542_tasty,tasty,
543_sweet,sweet,
544_sour,sour,
545_bitter,bitter,
546_salty,salty,
547_fishy,fishy,
548_puckery,puckery,
549_bland,bland,
550_crispy,crispy,
551_wetclothes,wet (clothes),
552_dryclothes,dry (clothes),
553_soft,soft,
554_hard,hard,
555_roundspherical,round (spherical),
556_thick,thick,
557_thinflat,thin (flat),
558_finesand,fine (sand),
559_narrow,narrow,
560_big,big,
561_small,small,
562_lightweight,light (weight),
563_heavy,heavy,
564_long,long,
565_shortlength,short (length),
566_high,high,
567_low,low,
568_far,far,
569_near,near,
570_steep,steep,
571_straight,straight,
572_deep,deep,
573_shallow,shallow,
574_tightclothes,tight (clothes),
575_many,many,
576_few,few,
577_clear,clear,
578_clean,clean,
579_concave,concave,
580_pointed,pointed,
581_sharpblade,sharp (blade),
582_fat,fat,
583_skinny,skinny,
584_male,male,
585_female,female,
586_rich,rich,
587_poor,poor,
588_good,good,
589_badbroken,"bad, broken",
590_fast,fast,
591_slow,slow,
592_new,new,
593_oldthing,old (thing),
594_halfoldhalfnew,half old half new,
595_wellbehaved,well-behaved,
596_hardworking,hard-working,
597_muddy,muddy,
598_awhile,a while,
599_foramoment,for a moment,
600_identical,identical,
601_lookalike,look alike,
602_together,together,
603_every,every,
604_moment,moment,
605_alongtime,a long time,
606_justnow,just now,
607_often,often,
608_partperf,PART.PERF,
